Kind,Name,CountLineCode,CountLineComment,CountLineBlank
Function,"M0001",51,0,0
Function,"M0002",50,0,0
Function,"M0003",50,0,0
Function,"M0004",50,0,0
Function,"M0005",20,0,0
Function,"M0006",10,0,0
Function,"M0007",10,0,0
Function,"M0008",10,0,0
Function,"M0009",10,0,0
Function,"M0010",10,0,0
Function,"M0011",10,0,0
Function,"M0012",10,0,0
Function,"M0013",10,0,0
Function,"M0014",10,0,0
Function,"M0015",10,0,0
Function,"M0016",10,0,0
Function,"M0017",10,0,0
Function,"M0018",10,0,0
Function,"M0019",10,0,0
Function,"M0020",10,0,0
Function,"M0021",100,0,0
Function,"M0022",1,0,0
Function,"M0023",1,0,0
Function,"M0024",1,0,0
Function,"M0025",1,0,0
Function,"M0026",1,0,0
Function,"M0027",1,0,0
Function,"M0028",1,0,0
Function,"M0029",1,0,0
Function,"M0030",1,0,0
Function,"M0031",150,0,0
Function,"M0032",1,0,0
Function,"M0033",1,0,0
Function,"M0034",1,0,0
Function,"M0035",1,0,0
Function,"M0036",1,0,0
Function,"M0037",1,0,0
Function,"M0038",1,0,0
Function,"M0039",1,0,0
Function,"M0040",1,0,0
Function,"M0041",1,0,0
Function,"M0042",1,0,0
Function,"M0043",1,0,0
Function,"M0044",1,0,0
Function,"M0045",1,0,0
Function,"M0046",1,0,0
Function,"M0047",1,0,0
Function,"M0048",5,0,0
Function,"M0049",5,0,0
Function,"M0050",5,0,0
Function,"M0051",5,0,0
Function,"M0052",5,0,0
Function,"M0053",5,0,0
Function,"M0054",5,0,0
Function,"M0055",5,0,0
Function,"M0056",5,0,0
Function,"M0057",5,0,0
Function,"M0058",5,0,0
Function,"M0059",5,0,0
Function,"M0060",5,0,0
Function,"M0061",5,0,0
Function,"M0062",5,0,0
Function,"M0063",5,0,0
Function,"M0064",5,0,0
Function,"M0065",5,0,0
Function,"M0066",5,0,0
Function,"M0067",5,0,0
Function,"M0068",5,0,0
Function,"M0069",5,0,0
Function,"M0070",5,0,0
Function,"M0071",5,0,0
Function,"M0072",5,0,0
Function,"M0073",5,0,0
Function,"M0074",5,0,0
Function,"M0075",5,0,0
Function,"M0076",5,0,0
Function,"M0077",5,0,0
Function,"M0078",5,0,0
Function,"M0079",5,0,0
Function,"M0080",5,0,0
Function,"M0081",5,0,0
Function,"M0082",5,0,0
Function,"M0083",5,0,0
Function,"M0084",5,0,0
Function,"M0085",5,0,0
Function,"M0086",5,0,0
Function,"M0087",5,0,0
Function,"M0088",5,0,0
Function,"M0089",5,0,0
Function,"M0090",5,0,0
Function,"M0091",5,0,0
Function,"M0092",5,0,0
Function,"M0093",5,0,0
Function,"M0094",5,0,0
Function,"M0095",5,0,0
Function,"M0096",5,0,0
Function,"M0097",5,0,0
Function,"M0098",5,0,0
Function,"M0099",5,0,0
Function,"M0100",5,0,0
Function,"M0101",5,0,0
Function,"M0102",5,0,0
Function,"M0103",5,0,0
Function,"M0104",5,0,0
Function,"M0105",5,0,0
Function,"M0106",5,0,0
Function,"M0107",5,0,0
Function,"M0108",5,0,0
Function,"M0109",5,0,0
Function,"M0110",5,0,0
Function,"M0111",5,0,0
Function,"M0112",5,0,0
Function,"M0113",5,0,0
Function,"M0114",5,0,0
Function,"M0115",4,0,0
Function,"M0116",1,0,0
Function,"M0117",1,0,0
Function,"M0118",1,0,0
Function,"M0119",1,0,0
Function,"M0120",1,0,0
Function,"M0121",1,0,0
Function,"M0122",1,0,0
Function,"M0123",1,0,0
Function,"M0124",1,0,0
Function,"M0125",1,0,0
Function,"M0126",1,0,0
Function,"M0127",1,0,0
Function,"M0128",1,0,0
Function,"M0129",1,0,0
Function,"M0130",1,0,0
